Reference,Dataset,Zone,Date,Own/rent land,Purpose,Purpose,Size,Farmer,Focus,Focus,Focus,Conservation concern,Seen hares,When,Consider hares pests,Hare numbers (=<50),Hare numbers (>5),Aware of 2 sp in NI,Seen L. europaeus,Seen L. europaeus on own land,Most recent,Is threat of L. europaeus important,Support management of L. europaeus,Habitat management for L. t. hibernicus,Lethal culling,Shooting,Netting,Trapping,Other,Support management via petition,Landowner permission to survey,Allow cull on own land,Member of conservation org,Hunt,Game birds,Rabbits,Wildfowl,Fishing/Angling,Other,Other,Support cull with direct involvement,Allow cull on land,Support Gov't cull decision
HP00514,P,CORE,13/08/2014,Y,A,,180a,Y,D,,,C,Y,0,N,I,N,N,N,N,,Y,Y,Y,Y,Y,,,,Y,Y,Y,N,Y,Y,Y,Y,,,,Y,,Y
HP00714,P,CORE,13/08/2014,Y,A,,50ha,Y,B,,,N,Y,0,Y,I,I,Y,N,Y,0,Y,Y,Y,Y,,,,,Y,Y,Y,Y,Y,,,,,,,Y,Y,Y
HP00914,P,CORE,30/08/2014,Y,,,3a,N,,,,C,Y,1,Y,D,D,N,N,N,,Y,Y,N,N,,,,,N,Y,N,N,N,,,,,,,N,N,N
HP01014,P,CORE,12/08/2014,Y,A,,8ha,Y,B,S,A,H,Y,0,N,D,D,N,N,N,,N,Y,Y,N,,,,,N,Y,N,N,N,,,,,,,N,N,N
HP01114,P,CORE,,Y,A,,14ha,Y,S,,,C,Y,6,N,D,N,N,N,N,,Y,Y,Y,N,,,,,Y,Y,Y,N,N,,,,,,,Y,Y,Y
HP01214,P,CORE,13/08/2014,Y,,,,N,,,,C,Y,0,N,N,N,N,Y,Y,,Y,Y,Y,N,,,,,N,,Y,N,N,,,,,,,N,Y,Y
HP02314,P,CORE,14/08/2014,N,,,,N,,,,C,Y,2,N,D,D,N,N,,,Y,Y,Y,Y,,,,,Y,,,N,N,,,,,,,Y,,Y
HP02414,P,CORE,,Y,O,,2a,N,,,,,Y,0,N,N,N,N,Y,N,,Y,Y,,Y,Y,,,,Y,N,N,N,Y,Y,Y,Y,Y,,,Y,N,Y
HP03214,P,CORE,,Y,A,,27a,Y,B,S,M,C,Y,1,Y,N,N,N,N,N,,N,N,Y,N,,,,,N,Y,N,N,N,,,,,,,N,N,N
HP03614,P,CORE,13/08/2014,Y,A,,15a,Y,M,,,C,Y,1,N,D,D,Y,Y,Y,1,N,N,Y,N,,,,,N,Y,N,N,Y,,,,,V,,N,N,N
HP03714,P,CORE,13/08/2014,Y,A,,45a,N,,,,C,Y,0,N,D,D,N,N,N,,Y,Y,Y,Y,Y,,,,Y,Y,Y,N,N,,,,,,,N,N,Y
HP04514,P,CORE,29/08/2014,Y,,,,N,,,,C,N,,N,N,N,Y,N,N,,Y,Y,Y,N,,Y,Y,,N,,,N,N,,,,,,,N,N,N
HP05114,P,CORE,13/08/2014,Y,A,,100a,Y,D,,,H,Y,0,Y,D,D,N,N,N,,N,N,Y,N,,,,,N,Y,N,N,N,,,,,,,N,N,N
HP05414,P,CORE,18/08/2014,Y,,,,N,,,,C,Y,1,N,D,D,N,N,N,,Y,Y,Y,Y,,,Y,,N,,,N,N,,,,,,,,,Y
HP05514,P,CORE,16/08/2014,N,,,,N,,,,N,Y,6,N,D,D,Y,N,,,Y,Y,,Y,Y,Y,Y,,Y,,,N,Y,Y,,Y,,,,Y,,Y
HP05714,P,CORE,,Y,A,,64a,N,,,,H,Y,0,Y,D,D,Y,N,N,,Y,Y,Y,Y,Y,,,,Y,Y,Y,N,N,,,,,,,Y,Y,Y
HP06014,P,CORE,14/08/2014,Y,,,44ha,Y,A,,,C,Y,6,Y,D,D,N,N,N,,Y,Y,N,N,,,,,N,Y,N,N,N,,,,,,,N,N,N
HP06514,P,CORE,25/08/2014,Y,A,,2a,N,,,,C,Y,,N,D,D,N,Y,Y,0,N,Y,Y,N,,,,,N,N,N,N,N,,,,,,,N,N,N
HP06814,P,CORE,,N,,,,N,,,,C,Y,,Y,D,D,N,N,,,Y,Y,Y,N,,,Y,,Y,,,N,N,,,,,,,Y,,Y
HP07114,P,CORE,18/08/2014,Y,A,,300a,Y,D,,,C,Y,0,N,D,D,N,N,N,,N,Y,Y,Y,,,,,N,Y,Y,N,Y,,Y,,,,,Y,Y,Y
HP07314,P,CORE,,Y,,,,N,,,,C,Y,,Y,N,N,N,N,N,,N,N,N,Y,,,Y,,N,Y,Y,N,N,,,,,,,Y,Y,Y
HP07914,P,CORE,14/08/2014,Y,A,,20a,Y,H,,,H,Y,0,N,I,N,N,N,N,,Y,Y,Y,N,,,,,N,N,N,N,,,,,,,,N,N,N
HP08214,P,CORE,13/08/2014,N,,,,N,,,,C,Y,2,N,D,D,Y,Y,,,Y,Y,Y,N,,,,,N,,,N,N,,,,,,,N,,N
HP08414,P,CORE,12/08/2014,Y,A,,400a,Y,D,,,C,Y,0,N,D,N,N,N,N,,Y,Y,,Y,Y,,,,Y,Y,Y,N,Y,,Y,,,,,N,Y,Y
HP08814,P,CORE,,Y,A,,40ha,Y,D,,,C,Y,,N,N,I,Y,N,N,,Y,Y,Y,N,,,,,N,Y,Y,N,Y,,,,,,,N,N,N
HP08914,P,CORE,29/09/2014,Y,A,,50ha,Y,B,,,C,Y,0,Y,D,N,N,Y,Y,0,N,N,N,N,,,,,N,Y,N,N,N,,,,,,,N,N,N
HP09414,P,CORE,18/08/2014,Y,A,,60a,Y,B,,,C,Y,0,N,N,N,Y,N,N,,Y,Y,Y,N,,Y,,,Y,Y,Y,N,Y,Y,Y,Y,,,,N,N,Y
HP12514,P,CORE,13/08/2014,Y,A,,,Y,S,,,C,Y,6,N,N,N,N,N,N,,,,,,,,,,N,N,,,,,,,,,,,,
HP12614,P,CORE,01/09/2014,Y,A,,6a,N,,,,N,Y,2,N,D,D,N,N,N,,Y,N,N,N,,,,,N,N,N,N,Y,,,Y,,,,N,Y,Y
HP12714,P,CORE,18/08/2014,Y,A,,60a,Y,B,S,,C,Y,0,N,I,I,N,Y,Y,0,Y,Y,Y,Y,,Y,,,Y,Y,Y,N,Y,,,,,Y,,Y,Y,Y
HP13114,P,CORE,20/08/2014,Y,A,,70a,Y,D,,,H,Y,0,N,N,N,N,N,N,,Y,Y,N,N,,,,,N,N,,N,N,,,,,,,N,N,N
HP13714,P,CORE,12/08/2014,Y,,,,N,,,,C,Y,0,Y,I,I,N,N,N,,Y,Y,Y,N,,Y,,,N,N,,N,N,,,,,,,N,N,N
HP14314,P,CORE,19/08/2014,Y,A,,30a,Y,B,S,,C,Y,2,N,D,N,N,N,N,,N,Y,Y,N,,,,,N,Y,Y,N,N,,,,,,,N,N,Y
HP14814,P,CORE,20/08/2014,N,,,,N,,,,N,Y,6,N,D,N,N,N,N,,N,Y,Y,Y,,Y,,,N,Y,Y,N,N,,,,,,,Y,Y,Y
HP15714,P,CORE,30/08/2014,Y,A,F,37a,N,,,,C,Y,2,Y,D,D,Y,Y,Y,2,N,N,Y,N,,,,,N,Y,N,N,N,,,,,,,N,N,N
HP16014,P,CORE,,N,,,,N,,,,H,Y,6,N,D,D,N,N,,,Y,Y,N,N,,,,,N,,,N,,,,,,,,N,,N
HP16114,P,CORE,13/08/2014,Y,,,0.5a,N,,,,C,Y,2,N,D,,N,N,N,,,Y,Y,N,,,,,N,Y,N,N,N,,,,,,,N,N,
HP16214,P,CORE,07/10/2014,Y,A,,,Y,S,A,,H,N,,N,D,D,N,N,N,,,N,Y,,,,,,N,N,N,N,N,,,,,,,N,N,N
HP17814,P,CORE,13/08/2014,Y,,,0.5a,N,,,,C,Y,0,N,N,N,N,N,N,,Y,Y,,N,Y,,,,Y,Y,Y,N,N,,,,,,,Y,Y,Y
HP18814,P,CORE,14/08/2014,N,,,,N,,,,C,Y,1,N,D,D,N,N,N,,Y,Y,,Y,Y,Y,,,Y,,,N,N,,,,,,,N,,Y
HP18914,P,CORE,19/08/2014,Y,A,,,Y,B,D,,C,Y,0,N,N,N,Y,N,N,,N,Y,N,N,,,,,N,Y,N,N,N,,,,,,,N,N,Y
HP19614,P,CORE,30/08/2014,Y,A,,48a,Y,M,,,,Y,6,N,D,D,N,N,N,,Y,Y,Y,N,,Y,,,N,Y,N,N,N,,,,,,,N,N,N
HP19814,P,CORE,12/08/2014,Y,A,,50a,Y,B,S,,C,Y,1,N,D,D,N,N,N,,N,N,N,N,,,,,N,N,N,N,N,,,,,,,N,N,N
HP19914,P,CORE,,Y,A,,,Y,B,S,,H,Y,0,N,N,N,Y,Y,Y,0,Y,Y,Y,N,,,,,N,N,N,Y,N,,,,,,,N,N,N
HP20414,P,CORE,,Y,A,,4a,Y,B,S,,N,Y,1,N,D,D,N,N,N,,Y,Y,Y,N,,Y,,,N,N,,N,N,,,,,,,N,N,N
HP20514,P,CORE,,Y,A,,23a,Y,B,,,C,Y,0,N,N,I,N,N,N,,N,Y,Y,N,,Y,,,N,Y,N,N,N,,,,,,,N,Y,Y
HP20714,P,CORE,19/08/2014,Y,A,,80a,Y,B,S,,N,N,,N,N,N,N,N,N,,N,N,,N,,,,,N,N,,N,N,,,,,,,N,N,N
HP21014,P,CORE,,Y,A,,50a,Y,D,,,C,Y,2,Y,D,D,N,N,N,,Y,Y,Y,N,,Y,,,Y,N,N,N,N,,,,,,,N,Y,Y
HP21114,P,CORE,12/08/2014,Y,,,100a,N,,,,C,N,,N,D,D,N,N,N,,Y,Y,,N,,,,,N,N,N,N,Y,,,,,V,,N,N,
HP21514,P,CORE,24/08/2014,Y,A,F,20a,N,,,,H,Y,0,N,D,N,N,Y,Y,6,Y,Y,Y,Y,Y,,,,N,Y,Y,N,N,,,,,,,N,Y,Y
HP21914,P,CORE,,Y,A,,60a,Y,D,M,P,N,Y,,N,D,D,N,N,N,,N,N,Y,N,,Y,,,N,N,,N,N,,,,,,,N,N,N
HP22514,P,CORE,13/08/2014,Y,,,2a,N,,,,C,Y,0,N,D,D,N,Y,Y,0,Y,Y,Y,N,,Y,,,N,Y,N,N,N,,,,,,,N,N,N
HP22814,P,CORE,12/08/2014,Y,A,,100a,Y,M,,,C,Y,0,N,N,I,Y,Y,Y,0,Y,Y,Y,Y,Y,,,,Y,Y,Y,N,N,,,,,,,N,Y,Y
HP22914,P,CORE,13/08/2014,Y,H,,10a,N,,,,H,Y,1,N,D,D,Y,Y,N,,Y,Y,,Y,Y,,,,Y,Y,Y,N,N,,,,,,,Y,Y,Y
HP23214,P,CORE,15/08/2014,Y,A,,28.4ha,Y,B,M,,N,Y,0,N,D,D,Y,N,N,,N,Y,N,N,,,,,N,Y,Y,N,Y,,,Y,,V,,Y,Y,Y
HP23514,P,CORE,14/08/2014,Y,,,140a,Y,D,,,C,N,,N,D,D,Y,N,N,,N,Y,Y,Y,Y,,,,Y,Y,Y,N,Y,,Y,,,,,Y,Y,Y
HP24214,P,CORE,20/08/2014,N,,,,N,,,,C,Y,0,N,D,I,N,N,,,Y,Y,Y,N,,,,,N,,,N,N,,,,,,,N,,Y
HP25714,P,CORE,,Y,A,,100a,Y,D,S,,C,Y,0,N,N,N,N,Y,Y,0,Y,Y,Y,Y,Y,,,,N,N,,N,Y,,,,,Y,,N,N,N
HP26114,P,CORE,14/08/2014,Y,A,,6.21ha,N,,,,C,Y,0,N,N,N,Y,N,N,,N,N,Y,N,,Y,,,N,Y,N,N,Y,,,Y,,,,N,N,N
HP26414,P,CORE,19/08/2014,Y,A,,70a,Y,A,,,C,Y,0,Y,D,D,N,N,N,,N,Y,Y,N,,Y,,,N,Y,N,Y,N,,,,,,,N,N,N
HP26714,P,CORE,13/08/2014,Y,A,,,N,,,,C,Y,0,N,D,D,N,N,N,,Y,Y,,Y,Y,,,,Y,Y,Y,N,N,,,,,,,N,Y,Y
HP27514,P,CORE,13/08/2014,Y,A,,,N,,,,N,Y,0,N,D,D,N,N,N,,N,N,Y,N,,,,,,N,,N,N,,,,,,,N,Y,N
HP27814,P,CORE,16/08/2014,Y,A,,32ha,Y,B,,,H,Y,0,N,D,I,Y,N,Y,,N,N,Y,N,,Y,,,N,Y,N,Y,N,,,,,,,N,Y,N
HP28114,P,PERIPHERY,19/08/2014,Y,A,,370a,Y,D,,,C,Y,0,N,D,N,Y,N,N,,,Y,Y,Y,,Y,,,Y,Y,Y,N,N,,,,,,,Y,,Y
HP28414,P,PERIPHERY,,Y,A,,30a,N,,,,H,Y,0,N,D,N,N,Y,Y,0,Y,N,Y,N,,,,,N,Y,N,N,N,,,,,,,N,N,N
HP28814,P,PERIPHERY,,Y,,,50a,Y,D,,,C,Y,0,Y,D,D,Y,Y,Y,1,N,N,,,,,,,,Y,N,N,Y,,Y,,,,,N,N,Y
HP28914,P,PERIPHERY,12/08/2014,N,,,,N,,,,H,Y,0,N,D,D,N,Y,,,N,Y,Y,Y,Y,Y,Y,,Y,,,N,Y,Y,Y,,Y,,,Y,,Y
HP29714,P,PERIPHERY,13/08/2014,Y,A,B,35a,N,,,,C,Y,0,N,D,I,N,N,N,,Y,Y,,Y,Y,Y,Y,,Y,Y,Y,N,N,,,,,,,N,Y,Y
HP29814,P,PERIPHERY,,Y,A,,43a,N,,,,C,N,,N,N,N,N,N,N,,Y,Y,,,,,,,,N,,N,N,,,,,,,,,Y
HP29914,P,PERIPHERY,16/08/2014,Y,A,,150a,Y,D,,,C,Y,0,N,N,N,Y,Y,Y,0,Y,Y,Y,Y,Y,Y,Y,,Y,Y,Y,N,Y,,Y,,,,,Y,Y,Y
HP30214,P,PERIPHERY,13/08/2014,Y,A,,50a,N,,,,C,Y,0,N,N,N,N,Y,Y,0,Y,Y,Y,N,,,,,N,Y,,N,N,,,,,,,N,,N
HP30414,P,PERIPHERY,13/08/2014,Y,A,,32a,Y,B,,,C,Y,0,N,I,I,N,N,N,,N,Y,Y,N,,Y,,,,N,,N,N,,,,,,,N,N,N
HP31414,P,PERIPHERY,13/08/2014,Y,A,,40ha,Y,B,,,C,Y,0,N,D,D,Y,Y,N,,Y,Y,Y,,,,,,,Y,,N,Y,,,,,,,N,N,Y
HP31614,P,PERIPHERY,14/08/2014,N,,,,N,,,,H,Y,2,N,D,D,N,Y,,,Y,Y,Y,Y,Y,Y,,,Y,,,N,N,,,,,,,,,Y
HP32114,P,PERIPHERY,,Y,A,,,Y,B,,,C,Y,0,N,D,D,Y,Y,N,,Y,N,N,N,,,,,N,Y,N,N,N,,,,,,,N,N,N
HP32314 ,P,PERIPHERY,01/09/2014,N,,,,N,,,,,N,,,D,D,N,N,,,N,N,N,N,,,,,N,,,N,N,,,,,,,,,N
HP32414,P,PERIPHERY,,N,,,,N,,,,C,Y,0,N,N,N,N,N,,,N,Y,Y,Y,,,,,N,,,N,N,,,,,,,,,Y
HP32814,P,PERIPHERY,,N,,,,N,,,,N,Y,0,N,N,N,N,Y,,,N,N,N,N,,,,,N,,,N,N,,,,,,,N,,N
HP32914,P,PERIPHERY,,Y,A,,11.5ha,Y,B,,,C,Y,2,N,D,N,N,N,N,,Y,Y,Y,,,,Y,,N,Y,N,N,,,,,,,,,,
HP33514,P,PERIPHERY,,Y,,,440a,N,,,,H,,,N,D,D,N,N,N,,Y,Y,Y,Y,Y,,,,Y,,,N,Y,Y,Y,Y,Y,,,Y,,Y
HP33914,P,PERIPHERY,,Y,A,,,Y,D,,,C,Y,2,N,D,D,N,N,N,,Y,Y,Y,N,,,,,N,N,N,N,N,,,,,,,N,N,N
HP34014,P,PERIPHERY,22/08/2014,Y,A,,7a,N,,,,C,Y,0,N,D,D,N,N,N,,Y,Y,Y,N,,Y,,,Y,Y,N,N,N,,,,,,,N,N,Y
HP35114,P,PERIPHERY,,Y,A,,40a,Y,B,S,,C,Y,0,Y,D,D,N,N,N,,N,Y,Y,N,,Y,Y,,N,Y,N,N,N,,,,,,,N,Y,Y
HP35714,P,PERIPHERY,13/08/2014,Y,,,,N,,,,C,Y,0,Y,D,I,N,N,N,,Y,Y,Y,N,,,,,N,Y,,N,N,,,,,,,Y,Y,Y
HP36114,P,PERIPHERY,13/08/2014,N,,,,N,,,,H,Y,0,N,D,D,N,Y,,,Y,Y,Y,N,,,,,N,,,N,Y,,,,Y,,,N,,N
HP36314,P,PERIPHERY,12/08/2014,Y,A,,12a,N,,,,C,Y,0,N,D,D,Y,N,N,,Y,N,N,N,,,,,N,Y,N,N,N,,,,,,,N,N,N
HP36714,P,PERIPHERY,,Y,A,,20a,N,,,,C,N,,N,D,D,N,N,Y,2,Y,Y,Y,Y,,Y,,,Y,Y,N,N,N,,,,,,,N,Y,Y
HP37314,P,PERIPHERY,23/08/2014,Y,A,,12ha,Y,B,,,H,Y,2,N,D,D,Y,Y,Y,2,Y,Y,Y,Y,,Y,,,N,Y,N,N,N,,,,,,,N,Y,Y
HP37614,P,PERIPHERY,,Y,A,,400a,Y,S,,,H,Y,0,N,D,D,N,N,N,,N,Y,,Y,,,,,,Y,Y,N,N,,,,,,,,,
HP37714,P,PERIPHERY,15/08/2014,N,,,,N,,,,N,Y,0,Y,N,N,N,N,,,Y,N,N,N,,,,,N,,,N,N,,,,,,,N,,N
HP38014,P,PERIPHERY,12/09/2014,Y,A,,26ha,Y,B,S,A,C,Y,0,N,D,I,N,N,N,,N,Y,Y,Y,Y,,,,N,Y,Y,N,N,,,,,,,N,Y,Y
HP38114,P,PERIPHERY,06/09/2014,Y,A,,16a,N,,,,C,Y,0,N,D,D,Y,N,N,,Y,Y,Y,Y,Y,Y,Y,,Y,Y,Y,N,Y,,Y,,,V,F,,Y,Y
HP38414,P,PERIPHERY,14/08/2014,Y,A,,180ha,Y,B,S,,C,Y,0,Y,D,I,N,N,N,,Y,Y,Y,N,,,,,Y,Y,N,N,,,,,,,,,,
HP38614,P,PERIPHERY,,Y,A,F,30ha,Y,B,,,H,Y,0,N,N,N,N,N,N,,Y,Y,Y,Y,Y,Y,Y,,Y,N,,N,,,,,,,,,,
HP38714,P,PERIPHERY,13/08/2014,Y,A,,22a,Y,M,,,C,Y,6,N,N,N,N,N,N,,Y,Y,N,Y,Y,Y,Y,,Y,Y,Y,N,N,,,,,,,N,N,Y
HP39014,P,PERIPHERY,15/08/2014,N,,,,N,,,,C,Y,0,N,D,N,Y,N,,,N,,Y,,,Y,Y,,N,,,N,N,,,,,,,Y,,Y
HP39814,P,PERIPHERY,,N,,,,N,,,,N,Y,2,N,N,N,N,N,,,N,N,Y,Y,,,Y,,Y,,,N,N,,,,,,,N,,Y
HP40214,P,PERIPHERY,19/08/2014,N,,,,N,,,,C,Y,0,N,N,N,N,Y,,,Y,N,Y,N,,,,,N,,,N,N,,,,,,,N,,N
HP40714,P,PERIPHERY,15/08/2014,Y,O,,20ha,Y,B,,,H,Y,6,Y,D,D,Y,Y,Y,0,Y,Y,,N,,,,,,,,,Y,,,,,,,Y,Y,Y
HP41314,P,PERIPHERY,,Y,,,,N,,,,,Y,0,N,D,D,Y,N,N,,Y,Y,Y,N,,Y,,,N,,,N,Y,,,,,F,,N,,N
HP41914,P,PERIPHERY,19/08/2014,N,,,,N,,,,H,Y,0,N,D,D,N,N,,,Y,Y,Y,N,,,,,N,,,N,N,,,,,,,N,,N
HP42214,P,PERIPHERY,,Y,A,,100a,Y,S,,,N,Y,1,N,N,N,N,N,N,,N,N,N,N,,,,,N,Y,N,N,N,,,,,,,N,N,N
HP42314,P,PERIPHERY,13/08/2014,Y,A,,95a,Y,B,,,C,Y,6,N,D,D,N,N,N,,N,Y,Y,Y,Y,,,,N,N,,N,N,,,,,,,N,N,Y
HP43514,P,PERIPHERY,16/08/2014,Y,,,14a,Y,S,,,C,Y,0,Y,D,D,N,N,N,,Y,Y,Y,Y,Y,,,,Y,Y,Y,N,Y,,Y,,,,,N,N,N
HP43714,P,PERIPHERY,,Y,A,,40a,Y,M,,,C,Y,0,Y,I,I,Y,N,N,,N,Y,Y,Y,,,,,N,N,,N,N,,,,,,,N,N,N
HP43814,P,PERIPHERY,30/08/2014,Y,A,,200a,N,,,,H,Y,0,N,N,N,Y,Y,Y,0,N,Y,Y,N,,,,,N,Y,N,Y,Y,Y,,Y,,,,N,N,N
HP44014,P,PERIPHERY,30/08/2014,Y,,,,N,,,,,Y,0,N,D,D,N,N,N,,Y,Y,N,N,,,,,N,N,N,N,N,,,,,,,N,N,N
HP44714,P,PERIPHERY,14/08/2014,Y,A,,3a,N,,,,N,Y,,N,D,D,N,N,N,,N,Y,Y,N,,,,,N,Y,N,N,N,,,,,,,N,N,N
HP44814,P,PERIPHERY,02/10/2014,Y,A,,,Y,B,A,,C,Y,0,N,D,I,N,Y,Y,0,N,N,Y,,,Y,,,N,Y,N,N,N,,,,,,,N,Y,Y
HP45714,P,PERIPHERY,13/08/2014,N,,,,N,,,,C,Y,0,N,N,N,N,N,,,N,Y,Y,N,,,,,Y,,,N,N,,,,,,,N,,Y
HP45814,P,PERIPHERY,16/08/2014,Y,A,F,100a,N,,,,C,Y,2,N,D,D,N,N,N,,,,,,,,,,N,Y,Y,N,N,,,,,,,N,N,Y
HP46014,P,PERIPHERY,16/08/2014,Y,A,,19a,N,,,,C,Y,0,N,D,N,N,N,N,,N,Y,,Y,Y,,,,Y,Y,N,N,Y,,,,,F,,Y,,Y
HP46214,P,PERIPHERY,,Y,A,,44a,N,,,,C,Y,,Y,D,D,N,N,N,,N,N,Y,Y,Y,,,,N,Y,Y,N,N,,,,,,,N,Y,Y
HP46314,P,PERIPHERY,20/08/2014,Y,A,,30a,N,,,,C,N,,N,N,N,N,N,N,,Y,Y,,,,,,,,Y,,N,,,,,,,,,,
HP46614,P,PERIPHERY,30/08/2014,N,,,,N,,,,C,Y,2,N,D,N,N,N,,,N,N,N,N,,,,,N,,,N,N,,,,,,,N,,N
HP46914,P,PERIPHERY,14/08/2014,N,,,,N,,,,C,Y,1,N,D,D,N,N,,,Y,Y,Y,N,,,Y,,Y,,,N,N,,,,,,,N,,Y
HP47214,P,PERIPHERY,12/08/2014,Y,,,177a,Y,,,,H,Y,0,N,I,I,Y,Y,N,,N,Y,Y,N,,,,,N,Y,,N,N,,,,,,,,,
HP47514,P,PERIPHERY,21/08/2014,Y,A,,100a,Y,B,D,,C,Y,0,N,N,I,Y,Y,Y,0,Y,N,Y,Y,Y,,,,Y,N,,N,,,,,,,,,,
HP48214,P,PERIPHERY,27/08/2014,Y,,,,N,,,,C,Y,2,Y,D,D,N,N,N,,,,,N,,,,,N,N,N,N,N,,,,,,,N,N,
HP49114,P,PERIPHERY,20/08/2014,N,,,,N,,,,H,Y,0,N,I,I,Y,Y,,,Y,Y,,Y,,,,,,,,,N,,,,,,,N,,Y
HP49514,P,PERIPHERY,06/10/2014,N,,,,N,,,,C,Y,2,N,N,N,N,N,,,Y,Y,Y,Y,,Y,,,Y,,,N,N,,,,,,,N,,Y
HP50114,P,PERIPHERY,09/08/2014,N,,,,N,,,,C,Y,6,N,D,N,Y,Y,,,Y,Y,Y,N,,Y,,,Y,,,,N,Y,,,,Y,,N,N,Y
HP50814,P,PERIPHERY,12/08/2014,Y,A,,8a,N,,,,H,Y,1,N,D,D,N,N,N,,Y,Y,Y,N,,,,,N,Y,N,Y,N,,,,,,,N,N,N
HP51314,P,PERIPHERY,,Y,A,,10a,Y,,,,H,Y,6,N,D,D,Y,Y,Y,6,Y,N,,,,,,,N,N,,N,N,,,,,,,N,N,N
HP51414,P,PERIPHERY,15/08/2014,Y,A,,90a,Y,B,D,,C,Y,0,N,N,N,N,N,N,,Y,Y,Y,N,,Y,Y,,N,Y,,N,N,,,,,,,N,,Y
HP51714,P,PERIPHERY,14/08/2014,Y,A,,,N,,,,,Y,0,N,N,I,N,N,N,,Y,Y,Y,,,,,,Y,Y,,N,N,,,,,,,Y,,Y
HP51914,P,PERIPHERY,16/08/2014,Y,A,,,N,,,,C,Y,0,N,N,N,N,N,N,,Y,Y,Y,Y,Y,Y,Y,,N,N,,N,N,,,,,,,N,N,N
HP52214,P,PERIPHERY,14/08/2014,Y,A,,34ha,Y,B,S,,C,Y,2,N,D,D,Y,Y,N,,Y,Y,,Y,Y,,,,Y,Y,Y,N,N,,,,,,,Y,Y,Y
HP52514,P,PERIPHERY,01/09/2014,Y,,,,N,,,,C,Y,0,N,D,N,N,N,N,,Y,Y,Y,N,,,,,N,N,,N,N,,,,,,,,,N
HP55014,P,PERIPHERY,14/08/2014,Y,A,,20a,Y,A,,,H,Y,0,N,D,D,N,Y,Y,0,Y,N,N,N,,,,,N,Y,N,N,N,,,,,,,N,N,N
HP55314,P,PERIPHERY,13/08/2014,N,,,,N,,,,H,Y,0,N,D,D,Y,N,,,N,N,Y,N,,,,,N,,,N,N,,,,,,,N,,N
HP55914,P,PERIPHERY,28/08/2014,Y,,,,N,,,,H,N,,N,N,N,N,N,N,,Y,Y,Y,N,,,,,N,,,N,N,,,,,,,,,
HP56114,P,WIDER NI,18/08/2014,Y,A,,,Y,M,,,H,Y,2,N,D,N,N,N,N,,Y,Y,Y,Y,Y,,,,N,Y,Y,N,N,,,,,,,N,Y,Y
HP56814,P,WIDER NI,29/08/2014,N,,,,N,,,,C,N,,N,D,D,N,N,,,Y,N,N,N,,,,,N,,,N,,,,,,,,,,
HP58414,P,WIDER NI,16/08/2014,Y,,,,N,,,,C,Y,0,N,D,I,N,N,N,,Y,Y,Y,,,,,,Y,,,N,N,,,,,,,N,,N
HP58514,P,WIDER NI,14/08/2014,Y,,,30a,N,,,,C,Y,0,Y,N,N,N,N,N,,Y,Y,Y,Y,Y,,,,Y,N,,N,N,,,,,,,Y,Y,Y
HP58814,P,WIDER NI,14/08/2014,Y,A,,3a,N,,,,C,Y,0,Y,N,N,N,N,N,,Y,Y,Y,Y,Y,,,,Y,Y,Y,N,N,,,,,,,N,Y,Y
HP58914,P,WIDER NI,24/08/2014,Y,A,,10a,N,,,,C,Y,6,N,N,N,Y,N,N,,Y,Y,Y,N,,,,,N,N,N,N,N,,,,,,,N,N,N
HP59414,P,WIDER NI,,N,,,,N,,,,C,Y,0,N,D,D,N,N,,,,,N,N,,,,,N,,,N,,,,,,,,,,
HP59814,P,WIDER NI,19/08/2014,Y,H,,3a,N,,,,C,Y,0,N,,N,N,N,N,,Y,Y,Y,Y,,,,,Y,Y,Y,N,N,,,,,,,N,N,Y
HP60014,P,WIDER NI,14/08/2014,N,,,,N,,,,C,N,,N,N,N,N,N,,,N,N,N,N,,,,,N,,,N,N,,,,,,,N,,N
HP60414,P,WIDER NI,13/08/2014,Y,A,,,N,,,,C,Y,1,N,D,N,Y,N,N,,Y,Y,,Y,Y,,,,Y,Y,Y,N,N,,,,,,,N,Y,Y
HP60514,P,WIDER NI,,Y,A,,,Y,B,S,,,Y,6,N,N,N,Y,N,Y,,N,N,N,N,,,,,N,N,,N,Y,,,,,Y,,N,N,Y
HP61314,P,WIDER NI,14/08/2014,Y,,,0.5a,N,,,,H,Y,6,Y,D,D,Y,N,N,,Y,Y,Y,N,,,,,Y,Y,N,N,N,,,,,,,N,N,N
HP61514,P,WIDER NI,22/08/2014,Y,A,,,Y,P,,,H,Y,0,N,I,I,N,N,N,,Y,Y,Y,Y,Y,Y,Y,,Y,Y,Y,N,Y,Y,Y,Y,Y,,,Y,,Y
HP62214,P,WIDER NI,09/08/2014,Y,A,,8ha,N,,,,H,Y,0,N,D,D,Y,N,N,,Y,Y,,Y,,Y,Y,,Y,Y,Y,N,Y,Y,Y,Y,Y,,,Y,Y,Y
HP62314,P,WIDER NI,13/08/2014,Y,A,,45a,Y,B,,,N,Y,0,N,D,D,Y,N,N,,Y,Y,Y,Y,,,Y,,,N,N,N,,,,,,,,,,
HP63314,P,WIDER NI,15/08/2014,Y,,,1.5a,Y,M,,,C,Y,0,N,D,D,N,N,Y,,N,Y,Y,Y,,,Y,,Y,N,Y,N,Y,,Y,,Y,,,Y,Y,Y
HP63414,P,WIDER NI,,N,,,,N,,,,C,Y,0,N,D,D,Y,N,,,Y,Y,Y,Y,,Y,Y,,Y,,,N,N,,,,,,,N,,Y
HP63514,P,WIDER NI,13/08/2014,Y,,,,N,,,,C,Y,0,Y,N,N,Y,Y,,,Y,,Y,,,,,,,,,N,N,,,,,,,,,N
HP64114,P,WIDER NI,15/08/2014,Y,A,,40ha,Y,B,D,S,,Y,1,N,D,D,Y,Y,Y,1,N,N,N,N,,,,,N,,,N,N,,,,,,,N,N,N
HP64314,P,WIDER NI,14/08/2014,Y,A,,70ha,Y,B,S,,H,Y,0,N,I,I,N,N,N,,,,,,,,,,N,Y,N,N,N,,,,,,,N,N,N
HP64814,P,WIDER NI,14/08/2014,Y,A,,75a,Y,B,A,,N,Y,1,N,D,D,N,N,N,,N,Y,Y,Y,Y,,,,N,Y,Y,N,Y,,,,,,,Y,Y,Y
HP65114,P,WIDER NI,13/08/2014,Y,A,,110ha,Y,D,A,,C,Y,0,N,I,I,Y,N,N,,Y,Y,,Y,Y,,,,Y,Y,Y,N,N,,,,,,,N,Y,
HP65214,P,WIDER NI,16/08/2014,Y,,,8ha,N,,,,C,Y,,N,D,D,N,N,N,,Y,Y,Y,N,,Y,Y,,N,Y,Y,N,N,,,,,,,N,N,Y
HP65714,P,WIDER NI,,Y,,,,N,,,,C,N,,Y,N,N,Y,N,N,,Y,Y,,N,,,Y,,Y,Y,,N,Y,,,,,,,Y,Y,Y
HP65914,P,WIDER NI,13/08/2014,Y,,,60a,Y,B,,,N,Y,,Y,D,D,N,N,N,,N,Y,Y,N,,Y,,,N,Y,N,N,N,,,,,,,N,N,N
HP66314,P,WIDER NI,12/08/2014,Y,A,,100a,Y,D,,,C,Y,0,N,N,N,Y,N,N,,Y,Y,Y,N,,Y,,,N,N,,N,N,,,,,,,N,N,N
HP66914,P,WIDER NI,15/08/2014,N,,,,N,,,,C,Y,0,N,D,D,Y,N,,,Y,Y,Y,N,,Y,Y,,N,,,N,N,,,,,,,N,,N
HP67614,P,WIDER NI,05/09/2014,Y,,,5a,N,,,,C,Y,1,Y,D,N,N,N,N,,Y,N,Y,Y,,,,,N,Y,Y,N,N,,,,,,,N,Y,Y
HP68114,P,WIDER NI,22/08/2014,Y,A,,150a,Y,A,,,N,Y,0,N,D,D,Y,N,N,,Y,N,Y,,,,,,N,Y,Y,N,Y,,,,,Y,,N,Y,N
HP68514,P,WIDER NI,,N,,,,N,,,,C,N,,N,D,N,N,N,,,N,Y,Y,N,,,,,N,,,N,,,,,,,,,,
HP68714,P,WIDER NI,15/08/2014,N,,,,N,,,,C,N,,N,,,N,N,,,N,N,Y,Y,Y,Y,Y,,N,,,N,N,,,,,,,,,N
HP68914,P,WIDER NI,19/08/2014,N,,,,N,,,,C,Y,1,N,D,D,N,N,,,Y,Y,,Y,,,,,Y,,,N,N,,,,,,,,,Y
HP69714,P,WIDER NI,18/08/2014,N,,,,N,,,,,Y,0,N,N,N,N,N,,,Y,Y,Y,N,,,,,N,,,N ,N,,,,,,,N,,N
HP70914,P,WIDER NI,22/08/2014,Y,A,,200a,Y,D,,,N,N,,N,D,N,N,N,N,,Y,Y,Y,N,,,,,N,Y,Y,N,N,,,,,,,N,Y,Y
HP71514,P,WIDER NI,14/08/2014,N,,,,N,,,,C,Y,6,N,D,N,N,N,,,N,N,Y,N,,,,,N,,,N,,,,,,,,N,,N
HP71814,P,WIDER NI,13/08/2014,N,,,,N,,,,C,Y,1,N,D,D,N,N,,,Y,Y,,Y,Y,,,,Y,,,N,N,,,,,,,Y,,Y
HP72114,P,WIDER NI,13/08/2014,Y,,,,N,,,,C,Y,0,N,D,N,N,N,,,Y,Y,Y,Y,,Y,Y,,Y,,,N,N,,,,,,,,,Y
HP72414,P,WIDER NI,01/09/2014,Y,A,,110a,Y,B,,,H,Y,0,N,D,D,Y,N,N,,N,N,N,N,,,,,N,N,N,N,Y,Y,,,,,,N,N,N
HP72514,P,WIDER NI,15/08/2014,N,,,,N,,,,C,Y,0,N,N,N,N,N,,,Y,Y,Y,,,,,,N,,,N,,,,,,,,,,
HP73714,P,WIDER NI,,Y,,,,N,,,,C,Y,6,Y,D,D,N,N,N,,Y,Y,,Y,Y,,,,Y,Y,Y,N,,,,,,,,N,Y,Y
HP74014,P,WIDER NI,13/08/2014,N,,,,N,,,,H,Y,0,N,D,I,Y,N,,,Y,Y,,Y,Y,,,,Y,,,N,N,,,,,,,Y,,Y
HP74914,P,WIDER NI,15/08/2014,Y,,,0.5a,N,,,,H,Y,0,N,D,D,N,N,N,,Y,Y,Y,Y,Y,,,,Y,,,Y,N,,,,,,,N,,Y
HP75714,P,WIDER NI,29/08/2014,N,,,,N,,,,H,Y,2,N,D,D,N,N,,,Y,Y,Y,N,,,,,N,,,N,N,,,,,,,N,,N
HP76314,P,WIDER NI,12/08/2014,N,,,,N,,,,H,Y,6,N,D,D,N,N,,,Y,Y,,Y,Y,Y,Y,,Y,,,N,N,,,,,,,N,,Y
HP76414,P,WIDER NI,,N,,,,N,,,,N,Y,0,Y,I,I,N,N,,,N,Y,N,N,,,,,N,,,N,N,,,,,,,N,,N
HP76514,P,WIDER NI,,Y,A,,23a,N,,,,C,N,2,N,D,D,N,N,N,,Y,,Y,N,,,,,N,N,N,N,N,,,,,,,N,N,N
HP76614,P,WIDER NI,15/09/2014,Y,A,F,,Y,B,D,,H,Y,2,Y,D,N,N,N,N,,Y,Y,Y,Y,Y,Y,Y,,Y,Y,Y,N,N,,,,,,,Y,Y,Y
HP76814,P,WIDER NI,14/08/2014,Y,A,F,50a,N,,,,H,Y,6,N,D,N,N,N,N,,Y,Y,Y,Y,,Y,,,Y,Y,Y,N,N,,,,,,,N,Y,Y
HP76914,P,WIDER NI,14/08/2014,Y,,,,N,,,,C,Y,0,N,D,D,N,N,,,Y,Y,N,N,,,,,N,,N,N,N,,,,,,,N,N,N
HP77014,P,WIDER NI,,N,,,,N,,,,H,Y,0,Y,D,D,N,N,,,Y,Y,Y,,,,,,Y,,,N,,,,,,,,,,
HP77214,P,WIDER NI,13/08/2014,Y,A,,9a,N,,,,H,Y,6,N,N,N,Y,N,N,,Y,Y,Y,N,,,,,N,Y,,N,N,,,,,,,N,Y,Y
HP77314,P,WIDER NI,18/10/2014,Y,A,,420a,Y,B,S,,C,Y,0,N,D,I,Y,N,N,,N,Y,N,N,,,,,N,Y,N,N,N,,,,,,,N,N,N
HP77814,P,WIDER NI,15/08/2014,Y,A,,7ha,Y,B,S,,C,Y,0,N,D,D,N,N,N,,N,N,Y,N,,,,,N,N,N,N,N,,,,,,,N,N,N
HP78514,P,WIDER NI,18/08/2014,Y,A,,82a,Y,B,S,,C,Y,1,N,D,D,N,N,N,,N,N,Y,N,,,,,N,Y,N,N,N,,,,,,,N,N,N
HP78614,P,WIDER NI,12/08/2014,Y,A,,65a,N,,,,C,Y,1,N,D,D,N,N,N,,Y,Y,Y,Y,,Y,,,Y,Y,Y,N,Y,,Y,,,,,Y,Y,Y
HP78814,P,WIDER NI,14/08/2014,Y,,,0.5a,N,,,,C,Y,0,N,D,D,N,N,,,Y,Y,Y,N,,,,,N,N,N,N,N,,,,,,,N,N,N
HP79114,P,WIDER NI,18/08/2014,Y,A,,25ha,Y,S,,,,Y,0,N,N,I,N,N,N,,N,N,N,N,,,,,N,Y,N,N,N,,,,,,,N,N,N
HP79314,P,WIDER NI,,Y,A,,4a,N,,,,N,Y,0,N,D,N,N,N,N,,N,Y,Y,N,,Y,,,N,Y,N,N,N,,,,,,,N,N,Y
HP80114,P,WIDER NI,13/08/2014,Y,A,,7a,N,,,,C,Y,6,N,D,I,N,N,N,,Y,Y,,Y,Y,,,,Y,Y,Y,N,N,,,,,,,Y,,Y
HP80214,P,WIDER NI,17/08/2014,Y,A,,21ha,N,,,,H,Y,2,N,D,N,N,N,N,,N,Y,Y,N,,,,,N,Y,N,N,N,,,,,,,N,N,N
HP80414,P,WIDER NI,12/08/2014,Y,A,,80ha,Y,D,S,A,H,Y,0,N,D,I,N,N,N,,N,N,N,N,,,,,N,Y,N,N,N,,,,,,,N,N,N
HP80814,P,WIDER NI,16/08/2014,Y,H,,7a,N,,,,,Y,0,N,N,I,N,N,N,,N,Y,Y,N,,,,,N,Y,N,N,N,,,,,,,N,N,N
HP81114,P,WIDER NI,13/08/2014,Y,A,,28ha,Y,B,S,,H,Y,2,N,D,D,Y,N,N,,Y,Y,Y,N,,Y,Y,,Y,N,,N,N,,,,,,,N,N,Y
HP81914,P,WIDER NI,,N,,,,N,,,,C,Y,1,N,D,D,N,N,,,N,N,Y,N,,,,,N,,,N,N,,,,,,,N,,N
HP82114,P,WIDER NI,,N,,,,N,,,,C,Y,0,Y,I,I,Y,N,,,Y,N,N,Y,Y,,,,Y,,,N ,Y,Y,,Y,Y,,,Y,,Y
HP82314,P,WIDER NI,13/08/2014,Y,,,,N,,,,N,Y,,N,,,N,N,N,,N,,N,N,,,,,N,Y,Y,N,N,,,,,,,N,Y,Y
HP82714,P,WIDER NI,13/08/2014,N,,,,N,,,,C,N,,N,D,D,Y,N,,,Y,Y,,Y,Y,,,,Y,,,Y,N,,,,,,,,,Y
HP82814,P,WIDER NI,18/08/2014,N,,,,N,,,,C,N,,N,N,N,N,N,,,N,N,N,N,,,,,N,,,N,N,,,,,,,N,,N
HP83314,P,WIDER NI,24/08/2014,Y,A,,100ha,Y,B,S,M,H,Y,2,N,D,N,N,N,N,,Y,Y,Y,Y,Y,Y,Y,,Y,Y,Y,N,N,,,,,,,N,Y,Y
HP83714,P,WIDER NI,19/08/2014,Y,,,,N,,,,C,N,,N,N,N,N,N,,,Y,Y,Y,Y,,,,,Y,,,N,N,,,,,,,Y,,Y
HC00414,C,CORE,07/08/2014,N,,,,N,,,,N,Y,0,N,D,D,N,N,,,N,Y,,Y,Y,Y,Y,,Y,,,N,Y,Y,Y,Y,,,,Y,,Y
HC01214,C,CORE,01/09/2014,N,,,,N,,,,C,Y,0,N,D,N,Y,Y,,,Y,Y,Y,N,,Y,,,Y,,,N,Y,Y,Y,Y,Y,,,N,,N
HC01514,C,CORE,08/08/2014,N,,,,N,,,,C,Y,0,N,D,D,Y,N,,,Y,Y,,Y,Y,,,,Y,,,N,Y,,,,Y,,,,,Y
HC01714,C,CORE,,Y,A,,25a,N,,,,C,Y,0,N,D,D,N,N,Y,0,N,Y,Y,Y,Y,,,,N,Y,Y,N,Y,Y,,,,,,Y,,Y
HC01814,C,CORE,23/08/2014,N,,,,N,,,,C,Y,0,N,I,I,Y,N,,,Y,Y,Y,Y,Y,,,,Y,,,N,Y,Y,Y,,,D,V,Y,,Y
HC02414,C,CORE,08/08/2014,N,,,,N,,,,C,Y,0,N,I,I,Y,Y,,,N,N,Y,N,,,,,N,,,N,Y,Y,Y,Y,Y,,,N,,N
HC02614,C,CORE,22/08/2014,N,,,,N,,,,N,Y,0,N,I,I,N,Y,,,Y,Y,,Y,Y,,,,Y,,,N,Y,Y,Y,Y,Y,,,Y,,Y
HC02914,C,CORE,08/08/2014,N,,,,N,,,,N,Y,0,N,D,D,N,N,,,N,Y,,Y,Y,,,,Y,,,N,Y,Y,,Y,Y,,,Y,,Y
HC03714,C,CORE,11/08/2014,N,,,,N,,,,C,Y,0,N,D,D,Y,Y,,,Y,Y,,Y,,,Y,,Y,,,N,Y,Y,,Y,Y,,,Y,,Y
HC04314,C,CORE,,N,,,,N,,,,H,Y,1,N,D,D,Y,N,,,Y,Y,Y,N,,,Y,,Y,,,N,N,,,,,,,N,,Y
HC05414,C,CORE,08/08/2014,N,,,,N,,,,H,Y,0,N,N,N,N,Y,,,Y,Y,Y,Y,Y,,,,Y,,,N,Y,Y,Y,Y,Y,,,Y,,Y
HC05614,C,CORE,25/08/2014,N,,,,N,,,,N,Y,6,N,D,I,Y,Y,,,Y,Y,N,Y,Y,,,,Y,Y,Y,N,Y,Y,,Y,,,,Y,Y,Y
HC06314,C,CORE,,Y,A,,16a,Y,M,,,C,Y,0,N,D,D,N,N,N,,Y,Y,,Y,Y,,,,Y,Y,Y,N,Y,Y,Y,,,,,Y,Y,Y
HC07714,C,CORE,,N,,,,N,,,,H,Y,0,N,N,N,Y,Y,,,Y,N,Y,N,,,,,N,,,Y,Y,,,,,H,F,N,,N
HC08214,C,CORE,10/08/2014,Y,A,,20a,Y,B,,,H,Y,6,Y,D,D,Y,Y,Y,6,N,N,N,N,,,,,N,N,N,Y,Y,Y,,Y,,,,N,N,N
HC08914,C,CORE,10/08/2014,Y,A,,9ha,Y,B,,,C,Y,0,N,D,N,Y,N,N,,Y,Y,Y,Y,,Y,,,Y,Y,Y,N,Y,Y,Y,Y,,,,Y,Y,Y
HC09414,C,CORE,08/08/2014,Y,A,,24a,N,,,,C,Y,0,N,D,N,N,N,N,,N,Y,Y,N,,Y,,,Y,Y,Y,N,Y,Y,Y,Y,Y,,,Y,,Y
HC10714,C,CORE,08/08/2014,N,,,,N,,,,C,Y,0,N,I,I,Y,Y,,,N,Y,,Y,Y,,,,Y,,,N,Y,Y,Y,Y,Y,Y,,Y,,Y
HC11014,C,CORE,09/08/2014,N,,,,N,,,,H,Y,0,N,I,I,N,N,,,Y,Y,Y,Y,Y,Y,,,Y,,,N,Y,Y,Y,Y,Y,,,Y,,Y
HC11214,C,CORE,11/08/2014,N,,,,N,,,,H,Y,0,N,D,D,Y,N,,,Y,Y,Y,N,,,,,Y,N,,N,Y,Y,Y,Y,,,,Y,,Y
HC11414,C,CORE,10/08/2014,Y,A,,180a,Y,M,,,H,Y,0,Y,D,N,Y,Y,Y,6,Y,Y,,Y,Y,,,,Y,Y,Y,N,Y,Y,,,Y,,,Y,,Y
HC11814,C,CORE,14/08/2014,Y,F,,,N,,,,H,Y,0,N,N,N,N,N,N,,N,Y,Y,Y,,,,,Y,Y,Y,N,Y,Y,,Y,,,,Y,Y,Y
HC11914,C,CORE,07/08/2014,N,,,,N,,,,C,Y,6,N,D,D,N,N,,,Y,Y,Y,Y,Y,Y,,,Y,,,N,Y,Y,,,Y,,,Y,,Y
HC12014,C,CORE,,Y,A,,16a,N,,,,C,Y,6,Y,D,D,Y,N,N,,Y,Y,Y,N,,,,,N,Y,N,N,Y,,,,,,,N,N,N
HC12114,C,CORE,,N,,,,N,,,,N,Y,0,N,D,D,N,N,,,N,N,Y,N,,,,,N,,,N,Y,Y,,,Y,,,N,,N
HC12314,C,CORE,,Y,,,,N,,,,H,Y,6,N,D,D,N,N,,,Y,Y,Y,Y,Y,Y,Y,,Y,,,N,N,,,,,,,Y,,Y
HC12514,C,CORE,,Y,F,,400a,N,,,,C,Y,6,N,D,D,N,N,N,,Y,Y,,Y,Y,Y,,,Y,Y,Y,N,Y,Y,,,Y,,,Y,Y,Y
HC13114,C,CORE,07/08/2014,Y,G,,1700a,N,,,,H,Y,0,N,D,D,Y,Y,Y,0,Y,N,Y,N,,,,,N,Y,N,N,Y,Y,Y,Y,Y,,,N,N,N
HC13214,C,CORE,,Y,A,,,Y,,,,N,Y,1,N,D,D,N,N,N,,N,N,N,N,,,,,N,N,N,N,N,,,,,,,N,N,N
HC13814,C,CORE,08/08/2014,Y,O,,,N,,,,N,Y,0,N,D,D,Y,Y,Y,2,N,N,N,N,,,,,N,N,N,Y,Y,,,,,,,N,N,N
HC14014,C,CORE,12/08/2014,N,,,,Y,D,,,H,Y,0,N,D,D,Y,Y,Y,0,Y,Y,N,N,,Y,,,N,,N,Y,Y,,,,,,,N,N,N
HC14114,C,CORE,08/08/2014,N,,,,N,,,,H,Y,0,N,D,D,Y,Y,,,Y,Y,Y,Y,Y,Y,Y,,Y,,,N,Y,Y,Y,Y,Y,,,Y,,Y
HC14414,C,CORE,08/08/2014,Y,A,,10ha,N,,,,C,Y,0,N,D,D,N,N,N,,Y,Y,Y,,,,,,Y,Y,Y,N,N,,,,,,,Y,Y,Y
HC14814,C,CORE,,Y,A,,100a,Y,B,,,H,Y,0,N,D,D,Y,Y,Y,0,N,N,Y,N,,,,,N,Y,N,N,Y,,,,,Y,,N,N,N
HC16114,C,CORE,05/09/2014,N,,,,N,,,,H,Y,0,N,D,N,Y,Y,,,,Y,Y,Y,Y,Y,Y,,Y,,,N,Y,,Y,Y,,,,Y,,Y
HC16314,C,CORE,08/08/2014,N,,,,N,,,,C,Y,0,N,I,I,N,N,,,N,Y,Y,Y,Y,,,,Y,,,N,Y,Y,Y,Y,Y,,,Y,,Y
HC17114,C,CORE,09/07/2014,N,,,,N,,,,C,Y,0,N,D,D,Y,Y,,,Y,Y,Y,Y,Y,Y,Y,,Y,,,Y,Y,Y,Y,,,V,,N,,Y
HC17714,C,CORE,06/08/2014,Y,A,F,20ha,N,,,,H,Y,0,Y,I,I,Y,Y,N,,Y,Y,Y,Y,,,,D,Y,Y,Y,Y,Y,,,,,H,,Y,Y,Y
HC19714,C,CORE,25/08/2014,N,,,,N,,,,C,Y,0,N,D,D,Y,Y,,,,Y,,Y,,,Y,,Y,,,N,Y,Y,Y,Y,,,,Y,,Y
HC20014,C,CORE,,N,,,,N,,,,C,Y,0,N,D,D,,,,,,N,N,N,,,,,N,,,N,Y,Y,Y,,,,,N,N,N
HC20214,C,CORE,,Y,A,,5a,N,,,,C,Y,0,N,D,D,N,N,N,,Y,Y,,Y,Y,,,,Y,Y,Y,N,Y,Y,Y,Y,Y,,,Y,Y,Y
HC20914,C,CORE,08/08/2014,N,,,,N,,,,C,Y,0,N,D,D,Y,Y,Y,0,Y,N,Y,N,,Y,,,N,Y,N,N,Y,Y,,,,,,N,N,N
HC21014,C,CORE,09/08/2014,N,,,,N,,,,C,Y,0,N,N,N,N,N,,,Y,Y,,Y,Y,Y,,,Y,,,N,Y,Y,Y,Y,Y,F,D,Y,,Y
HC21514,C,CORE,,Y,A,,150a,Y,S,,,H,Y,0,N,I,I,N,N,N,,Y,Y,,Y,Y,,Y,,Y,Y,Y,N,Y,Y,Y,Y,Y,,,N,Y,Y
HC21814,C,CORE,20/08/2014,Y,A,G,55a,N,,,,H,Y,0,N,N,N,Y,Y,Y,,Y,Y,Y,N,,Y,,,Y,Y,N,N,Y,Y,Y,Y,,Y,,N,N,Y
HC22614,C,CORE,08/08/2014,Y,A,,60ha,Y,D,,,C,Y,0,N,D,D,Y,Y,Y,0,N,N,N,N,,,,,N,N,N,N,,,,,,,,N,N,N
HC23714,C,CORE,09/08/2014,N,,,,N,,,,C,Y,0,N,D,D,N,N,,,Y,Y,Y,Y,,Y,,,Y,,,N,Y,Y,Y,Y,,,,Y,,Y
HC24114,C,CORE,,Y,A,,40ha,Y,S,,,H,Y,0,N,N,N,N,N,N,,Y,Y,Y,Y,Y,,,,Y,Y,Y,N,Y,Y,Y,,,,,Y,Y,Y
HC24514,C,CORE,,N,,,,N,,,,C,Y,0,N,N,N,Y,N,,,N,Y,,Y,Y,Y,Y,,Y,,,N,Y,Y,Y,Y,,,,Y,,Y
HC25014,C,CORE,16/10/2014,Y,A,,,Y,D,,,H,Y,0,N,D,D,N,N,N,,Y,Y,Y,N,,,,,N,Y,N,N,Y,Y,,Y,Y,,,N,N,N
HC25314,C,CORE,09/08/2014,Y,A,,80a,Y,B,,,H,Y,0,N,N,N,Y,Y,N,,Y,Y,Y,N,,,,,N,Y,N,N,N,,,,,,,N,N,N
HC25914,C,CORE,10/08/2014,Y,A,,5a,N,,,,H,Y,0,N,N,N,Y,Y,Y,0,,Y,Y,N,,Y,,,N,Y,N,Y,Y,,,,,H,F,N,N,N
HC26114,C,CORE,16/08/2014,N,,,,N,,,,H,Y,0,N,D,I,N,Y,,,Y,Y,Y,N,,,,,N,,,N,Y,,Y,Y,Y,V,,Y,,Y
HC26214,C,CORE,14/09/2014,N,,,,N,,,,C,Y,0,N,D,D,N,N,,,Y,Y,N,N,,,,,N,,,Y,Y,,,,,,,N,,N
HC27214,C,CORE,07/08/2014,Y,A,,10a,Y,B,,,H,Y,0,N,D,D,Y,Y,N,,Y,N,Y,N,,,,,N,,N,N,Y,Y,,Y,,,,N,N,N
HC27414,C,CORE,07/08/2014,N,,,,N,,,,C,Y,0,N,D,D,Y,Y,,,N,Y,,Y,,,Y,,Y,,,N,Y,Y,,Y,Y,,,Y,,Y
HC28114,C,PERIPHERY,17/08/2014,Y,F,,42ha,N,,,,C,Y,0,N,I,I,Y,Y,N,,Y,Y,,Y,Y,Y,Y,,Y,Y,Y,N,Y,Y,Y,Y,Y,,,Y,Y,Y
HC30514,C,PERIPHERY,,Y,F,,8a,N,,,,N,Y,6,N,I,I,N,N,N,,N,N,N,N,,Y,,,N,Y,N,N,N,,,,,,,N,N,N
HC31514,C,PERIPHERY,11/08/2014,Y,F,,2.3a,N,,,,H,Y,0,N,I,I,N,N,N,,Y,Y,Y,Y,Y,Y,Y,,Y,Y,N,N,Y,Y,,Y,,,,Y,N,Y
HC33314,C,PERIPHERY,,Y,A,,100a,Y,M,,,H,Y,0,N,D,D,Y,Y,N,,N,N,Y,N,,Y,,,N,N,,N,Y,,,,,Y,,N,N,N
HC33614,C,PERIPHERY,15/08/2014,Y,A,,110a,Y,D,S,,H,Y,0,N,N,N,Y,Y,N,,N,Y,Y,N,,Y,,,N,Y,N,Y,Y,Y,Y,,,F,,N,N,N
HC33714,C,PERIPHERY,13/08/2014,N,,,,N,,,,H,Y,0,N,D,D,Y,Y,,,Y,Y,Y,N,,Y,,,N,,,N,Y,,Y,,,F,,N,,N
HC33814,C,PERIPHERY,,Y,F,,8ha,N,,,,N,Y,0,N,I,I,N,N,N,,Y,Y,N,N,,,,,N,Y,N,N,,,,,,,,N,N,N
HC34114,C,PERIPHERY,19/08/2014,N,,,,N,,,,N,Y,0,N,D,N,Y,N,,,N,N,Y,N,,,,,N,,,N,,,,,,,,N,,N
HC34414,C,PERIPHERY,11/08/2014,Y,,,100a,N,,,,H,Y,0,N,D,D,Y,Y,Y,0,N,Y,Y,Y,,Y,,,N,Y,Y,N,Y,Y,,Y,Y,,,N,Y,N
HC35114,C,PERIPHERY,01/10/2014,N,,,,N,,,,H,Y,0,N,D,I,Y,Y,,,Y,Y,,Y,Y,Y,Y,,Y,,,N,Y,,Y,,Y,V,,Y,,Y
HC36314,C,PERIPHERY,13/08/2014,N,,,,N,,,,C,Y,0,N,N,N,N,Y,,,Y,Y,,Y,Y,,,,Y,,,N,Y,Y,Y,Y,,,,Y,,Y
HC36814,C,PERIPHERY,,Y,O,,200a,Y,B,A,,N,Y,0,N,D,D,N,N,N,,N,Y,Y,Y,Y,,,,Y,Y,Y,N,Y,Y,Y,Y,Y,,,Y,Y,Y
HC36914,C,PERIPHERY,12/08/2014,N,,,,N,,,,H,Y,0,N,D,D,Y,Y,,,Y,Y,Y,Y,Y,,,,N,,,N,Y,Y,Y,Y,Y,,,N,,N
HC37014,C,PERIPHERY,10/08/2014,Y,A,,75ha,Y,M,,,H,Y,0,Y,D,N,Y,Y,Y,1,Y,Y,N,Y,Y,,,,Y,Y,Y,N,Y,,Y,,,,,Y,Y,Y
HC37114,C,PERIPHERY,,N,,,,N,,,,H,Y,0,N,N,N,Y,N,,,Y,Y,Y,Y,Y,Y,,,Y,,,N,Y,Y,Y,Y,Y,,,Y,,Y
HC37614,C,PERIPHERY,,N,,,,N,,,,N,Y,0,N,N,N,Y,N,,,N,Y,,Y,Y,Y,Y,,N,,,N,Y,Y,,Y,Y,,,N,,N
HC37814,C,PERIPHERY,13/08/2014,Y,A,,14a,N,,,,C,Y,0,N,N,N,Y,N,N,,N,N,N,N,,,,,N,Y,N,Y,Y,Y,Y,Y,Y,,,N,N,N
HC38014,C,PERIPHERY,12/08/2014,Y,A,,20a,Y,B,,,H,Y,0,N,D,D,Y,Y,Y,0,Y,Y,Y,Y,Y,Y,Y,,Y,Y,Y,N,Y,Y,Y,,Y,C,,Y,Y,Y
HC38314,C,PERIPHERY,,Y,,,,N,,,,C,Y,0,N,N,N,Y,Y,N,,Y,Y,Y,N,,Y,Y,,N,N,N,N,Y,Y,Y,,,V,,N,N,N
HC38514,C,PERIPHERY,,N,,,,N,,,,,Y,0,N,N,N,Y,N,,,N,Y,,Y,Y,Y,Y,,N ,,,N,Y,Y,,Y,Y,,,N,,N
HC38814,C,PERIPHERY,13/08/2014,N,,,,N,,,,H,Y,0,N,D,D,Y,Y,,,Y,Y,,Y,Y,Y,Y,,Y,,,N,Y,Y,Y,Y,Y,Y,,Y,,Y
HC39214,C,PERIPHERY,11/08/2014,N,,,,N,,,,C,Y,0,N,N,N,Y,Y,,,Y,Y,Y,N,,Y,Y,,N,,,N,Y,Y,Y,Y,,V,,N,,N
HC39314,C,PERIPHERY,17/08/2014,N,,,,N,,,,H,Y,,N,D,D,Y,Y,,,Y,Y,Y,N,,,,,N,,,N,Y,Y,,,,V,,N,,N
HC39514,C,PERIPHERY,,N,,,,N,,,,N,Y,0,N,N,N,Y,N,,,N,Y,,Y,Y,Y,Y,,N,,,N,Y,Y,,Y,Y,,,N,,
HC39714,C,PERIPHERY,11/08/2014,Y,,,,N,,,,C,Y,0,Y,D,D,Y,Y,N,,Y,Y,,Y,Y,,,,Y,,,N,Y,Y,Y,Y,Y,,,Y,,Y
HC40414,C,PERIPHERY,,Y,A,,40a,Y,B,,,,Y,0,N,D,D,Y,Y,Y,0,Y,Y,Y,Y,,,,,Y,Y,Y,N,Y,,,,,,,,Y,Y
HC40714,C,PERIPHERY,11/08/2014,Y,A,,24a,Y,B,S,,C,Y,0,Y,I,I,Y,Y,Y,0,Y,Y,Y,Y,Y,Y,Y,,Y,,Y,N,Y,Y,Y,Y,Y,V,,Y,Y,Y
HC40914,C,PERIPHERY,,N,,,,N,,,,N,Y,0,N,N,N,Y,N,,,N,Y,,Y,Y,Y,Y,,N,,,N,Y,Y,,,,,,N,,Y
HC41214,C,PERIPHERY,30/08/2014,N,,,,N,,,,N,Y,0,N,D,D,Y,Y,,,Y,Y,Y,Y,Y,Y,Y,,Y,,,N,Y,Y,Y,Y,Y,,,N,,Y
HC42814,C,PERIPHERY,19/09/2014,N,,,,N,,,,,Y,0,N,D,D,N,N,,,Y,Y,Y,Y,Y,Y,Y,,Y,,,N,Y,Y,Y,Y,,,,Y,,Y
HC43614,C,PERIPHERY,11/08/2014,N,,,,N,,,,C,Y,0,N,D,D,Y,Y,,,N,Y,Y,Y,Y,,,,Y,,,N,Y,Y,Y,,,,,Y,,Y
HC44014,C,PERIPHERY,11/08/2014,Y,,,,N,,,,C,Y,,N,I,I,N,N,N,,N,Y,N,N,,,,,N,N,N,N,Y,,,,,,,N,N,N
HC44914,C,PERIPHERY,12/08/2014,N,,,,N,,,,N,Y,0,N,I,I,N,Y,,,Y,N,N,Y,,Y,,,Y,,,Y,Y,Y,Y,Y,,,,N,,Y
HC47714,C,PERIPHERY,11/08/2014,Y,A,,22a,Y,B,S,,H,Y,0,N,D,N,Y,Y,N,,Y,Y,Y,Y,,Y,,,N,Y,N,N,Y,Y,Y,Y,Y,Y,,N,N,N
HC47814,C,PERIPHERY,10/10/2014,Y,A,,,Y,B,S,,N,Y,0,Y,I,N,N,N,N,,N,Y,Y,Y,Y,,Y,,N,Y,Y,N,Y,,Y,,,,,Y,N,Y
HC48114,C,PERIPHERY,19/09/2014,N,,,,N,,,,C,Y,2,N,D,D,N,N,,,Y,Y,Y,Y,Y,Y,Y,,Y,,,Y,N,,,,,,,N,,Y
HC49314,C,PERIPHERY,10/08/2014,Y,A,,8ha,N,,,,C,Y,0,N,D,N,Y,Y,N,,N,Y,Y,Y,,Y,,,Y,Y,N,N,Y,,,,Y,V,,N,Y,Y
HC50414,C,PERIPHERY,12/08/2014,N,,,,N,,,,C,Y,6,N,D,D,N,N,,,N,N,N,N,,,,,N,,,N,Y,,,,,Y,,N,,N
HC52114,C,PERIPHERY,12/08/2014,Y,G,,"2,500a",N,,,,C,Y,0,N,D,I,Y,Y,Y,0,Y,Y,Y,Y,,Y,Y,,Y,Y,N,N,Y,Y,Y,Y,,,,N,N,Y
HC52614,C,PERIPHERY,,N,,,,N,,,,C,Y,0,N,D,D,Y,Y,,,Y,Y,Y,Y,Y,Y,Y,,Y,,,N,Y,Y,Y,Y,Y,,,Y,,Y
HC52714,C,PERIPHERY,11/08/2014,N,,,,N,,,,N,Y,0,N,D,D,N,N,,,N,Y,Y,Y,Y,,,,N,,,N,Y,Y,,Y,,,,N,,Y
HC53414,C,PERIPHERY,11/08/2014,N,,,,N,,,,N,Y,0,N,I,I,Y,Y,,,Y,Y,,Y,Y,,,,Y,,,N,Y,Y,Y,Y,Y,D,F,Y,,Y
HC54714,C,PERIPHERY,12/08/2014,N,,,,N,,,,H,Y,0,N,D,I,Y,Y,,,Y,Y,Y,Y,Y,,,,Y,,,Y,Y,Y,Y,Y,Y,Y,,Y,,Y
HC56114,C,WIDER NI,11/08/2014,N,,,,N,,,,N,Y,6,Y,D,D,Y,Y,,,Y,Y,Y,Y,Y,Y,Y,,Y,,,N,Y,Y,Y,Y,Y,,,Y,,Y
HC56414,C,WIDER NI,19/08/2014,Y,,,20a,N,,,,H,Y,0,N,I,I,Y,N,,,Y,Y,Y,Y,Y,Y,,,Y,Y,Y,Y,Y,,Y,Y,Y,,,Y,Y,Y
HC57814,C,WIDER NI,,N,,,,N,,,,C,Y,0,N,D,D,Y,N,,,Y,Y,Y,Y,Y,,,,N,,,N,Y,Y,Y,Y,,,,Y,,Y
HC58114,C,WIDER NI,11/08/2014,N,,,,N,,,,C,Y,6,N,D,D,N,Y,,,Y,Y,Y,N,,,,,N,,,N,Y,,,,Y,,,N,,N
HC59314,C,WIDER NI,18/08/2014,Y,,,20a,N,,,,H,Y,0,N,D,D,Y,Y,N,,N,Y,Y,N,,,,,N,Y,N,N,Y,Y,Y,Y,Y,,,N,N,N
HC59414,C,WIDER NI,28/08/2014,N,,,,N,,,,C,Y,0,N,D,D,N,N,,,Y,Y,Y,Y,Y,Y,Y,,Y,,,,Y,Y,Y,Y,Y,V,,Y,,Y
HC61614,C,WIDER NI,11/08/2014,Y,A,S,30ha,Y,B,,,H,Y,0,N,D,N,Y,Y,N,,N,N,N,N,,,,,N,Y,N,N,Y,,,,,H,F,N,N,N
HC62014,C,WIDER NI,18/08/2014,N,,,,N,,,,,Y,0,Y,D,D,Y,N,,,N,N,N,N,,,,,N,N,N,N,Y,Y,Y,Y,Y,,,N,,N
HC62914,C,WIDER NI,14/08/2014,Y,A,,26.94a,N,,,,H,Y,0,N,D,D,Y,Y,N,,Y,Y,Y,Y,,Y,,,Y,Y,N,N,Y,Y,,Y,Y,,,Y,Y,Y
HC63114,C,WIDER NI,,Y,A,,12a,N,,,,,Y,0,N,I,I,N,N,N,,Y,Y,N,N,,,,,N,Y,N,N,N,,,,,,,N,N,N
HC63314,C,WIDER NI,17/08/2014,N,,,,N,,,,H,Y,0,N,D,D,N,N,,,Y,Y,Y,Y,Y,Y,,,Y,,,N,Y,Y,Y,Y,Y,,,Y,,Y
HC63914,C,WIDER NI,,Y,,,,N,,,,H,Y,0,N,D,D,Y,Y,Y,0,N,Y,,Y,,Y,,,Y,Y,Y,N,Y,Y,,,,F,,Y,Y,Y
HC65614,C,WIDER NI,11/08/2014,Y,G,,300a,N,,,,H,Y,0,N,D,I,Y,N,N,,Y,Y,Y,Y,,Y,,,N,N,N,N,Y,Y,Y,Y,,,,N,N,N
HC66114,C,WIDER NI,,Y,A,,150ha,Y,B,S,,H,Y,6,N,D,D,N,N,N,,Y,Y,,Y,Y,,,,Y,Y,Y,N,Y,Y,Y,Y,Y,,,Y,Y,Y
HC67714,C,WIDER NI,10/08/2014,Y,A,,40a,Y,B,,,C,Y,0,N,I,N,Y,N,N,,Y,Y,Y,Y,,Y,,,Y,Y,Y,N,Y,,,,,H,F,Y,Y,Y
HC67914,C,WIDER NI,14/08/2014,Y,A,,,Y,B,,,C,Y,0,Y,I,N,Y,Y,N,,Y,Y,Y,Y,Y,,,,Y,Y,Y,N,Y,,,,,H,,Y,Y,Y
HC69314,C,WIDER NI,11/08/2014,N,,,,N,,,,H,Y,1,N,D,D,N,N,,,Y,Y,,Y,Y,,,,Y,,,Y,Y,Y,Y,,,,,N,,Y
HC69514,C,WIDER NI,12/08/2014,N,,,,N,,,,H,Y,0,N,D,D,N,N,,,Y,Y,,Y,Y,Y,Y,,Y,,Y,N,Y,Y,Y,Y,,,,Y,,Y
HC70114,C,WIDER NI,28/08/2014,N,,,,N,,,,N,Y,0,N,D,D,Y,Y,,,Y,Y,,Y,Y,,,,Y,Y,Y,N,Y,Y,Y,Y,Y,D,,Y,,Y
HC71714,C,WIDER NI,16/08/2014,Y,,,,N,,,,C,Y,0,N,I,I,Y,Y,,,Y,Y,Y,Y,Y,Y,Y,,Y,,,N,Y,Y,Y,Y,,,,Y,,Y
HC72914,C,WIDER NI,24/08/2014,N,,,,N,,,,H,Y,6,N,D,D,N,N,,,N,N,Y,N,,,,,,,,N,Y,Y,,Y,Y,,,N,,N
HC73514,C,WIDER NI,11/08/2014,N,,,,N,,,,C,Y,6,N,D,D,Y,Y,,,Y,Y,Y,Y,Y,Y,Y,,N,,,N,Y,Y,Y,Y,Y,,,N,,N
HC73914,C,WIDER NI,,Y,A,,,Y,B,,,H,Y,0,N,N,N,N,Y,Y,0,N,Y,Y,Y,,Y,Y,,Y,Y,Y,N,Y,Y,,,,,,Y,N,Y
HC74414,C,WIDER NI,12/08/2014,N,,,,N,,,,C,Y,,N,I,N,N,Y,,,N,Y,,Y,,Y,Y,,Y,Y,Y,Y,Y,Y,,Y,Y,,,Y,Y,Y
HC74814,C,WIDER NI,11/08/2014,Y,A,,69a,Y,S,,,C,Y,1,N,D,D,Y,Y,N,,N,N,Y,N,,,,,N,N,N,N,Y,Y,,Y,Y,,,N,N,N
HC75314,C,WIDER NI,11/08/2014,Y,G,,200ha,N,,,,H,Y,0,N,I,I,Y,Y,Y,0,Y,N,N,N,,,,,N,Y,N,N,Y,Y,Y,Y,,P,,N,N,N
HC75714,C,WIDER NI,,Y,,,,Y,,,,N,Y,0,Y,,N,Y,Y,,,N,N,,Y,,Y,,,N,Y,Y,Y,Y,Y,,Y,Y,,,N,N,N
HC76014,C,WIDER NI,10/08/2014,Y,G,,,N,,,,C,Y,0,Y,I,I,Y,N,N,,N,Y,,Y,Y,,,,Y,N,Y,N,Y,Y,Y,Y,,,,Y,Y,Y
HC76414,C,WIDER NI,14/08/2014,Y,P,,11a,N,,,,H,Y,0,N,D,D,N,N,N,,Y,Y,,Y,Y,Y,Y,,Y,Y,Y,N,Y,,,,Y,,,Y,Y,Y
HC78514,C,WIDER NI,,Y,A,,4a,Y,S,,,C,Y,0,N,D,D,N,N,N,,Y,Y,Y,Y,Y,,,,Y,Y,Y,N,N,,,,,,,N,Y,Y
HC78614,C,WIDER NI,08/08/2014,Y,A,,65a,N,,,,C,Y,0,N,D,D,N,N,N,,N,Y,,Y,Y,,,,Y,Y,Y,N,N,,,,,,,N,N,Y
HC78814,C,WIDER NI,11/08/2014,Y,A,,85a,Y,B,S,,,Y,0,N,I,I,Y,Y,Y,0,,Y,Y,Y,Y,,,,Y,Y,Y,N,Y,,,,,D,F,Y,Y,Y
HC79314,C,WIDER NI,15/08/2014,Y,A,F,270a,Y,S,A,M,C,Y,0,N,D,D,Y,N,N,,N,N,N,N,,,,,N,Y,N,N,Y,Y,Y,Y,,,,N,N,N
HC79614,C,WIDER NI,11/08/2014,N,,,,N,,,,C,Y,0,N,D,D,Y,N,,,N,Y,,Y,Y,Y,Y,,Y,,,N,Y,Y,,,Y,,,N,,Y
HC79614,C,WIDER NI,11/08/2014,N,,,,N,,,,C,Y,0,N,D,D,Y,N,,,N,Y,,Y,Y,Y,Y,,Y,,,N,Y,Y,,,Y,,,N,,Y
HC80314,C,WIDER NI,14/08/2014,Y,H,,8a,N,,,,H,Y,6,N,D,D,N,Y,N,,Y,Y,Y,Y,Y,Y,Y,,Y,Y,Y,N,Y,Y,,,Y,V,,N,Y,Y
HC81314,C,WIDER NI,,Y,A,,,Y,S,,,C,Y,0,N,N,I,Y,Y,Y,0,Y,Y,Y,Y,Y,,,,Y,Y,Y,N,Y,Y,Y,,,,,Y,Y,Y
HC81714,C,WIDER NI,11/08/2014,Y,G,,90a,N,,,,N,Y,0,N,N,D,N,N,N,,Y,Y,,Y,Y,,,,Y,Y,Y,N,Y,Y,,Y,Y,,,Y,Y,Y
HC81914,C,WIDER NI,29/09/2014,N,,,,N,,,,H,Y,0,N,D,D,N,N,,,Y,Y,,Y,Y,,,,Y,,,Y,Y,,Y,,,,,Y,,Y
HC83314,C,WIDER NI,25/09/2014,Y,,,,N,,,,N,N,,N,N,N,N,N,N,,N,N,N,N,,,,,N,N,N,N,N,,,,,,,Y,Y,Y
